<?xml version="1.0" encoding="UTF-8" standalone="no"?>
<Context docBase="C:/Users/USER/Desktop/demo2/src/main/webapp">
  <Resources cacheMaxSize="10240">
    <PreResources base="C:/Users/USER/Desktop/demo2/target/classes" className="org.apache.catalina.webresources.DirResourceSet" webAppMount="/WEB-INF/classes"/>
    <PostResources base="C:/Users/USER/.m2/repository/org/hibernate/orm/hibernate-core/6.0.2.Final/hibernate-core-6.0.2.Final.jar" className="org.apache.catalina.webresources.FileResourceSet" webAppMount="/WEB-INF/lib/hibernate-core-6.0.2.Final.jar"/>
    <PostResources base="C:/Users/USER/.m2/repository/jakarta/persistence/jakarta.persistence-api/3.0.0/jakarta.persistence-api-3.0.0.jar" className="org.apache.catalina.webresources.FileResourceSet" webAppMount="/WEB-INF/lib/jakarta.persistence-api-3.0.0.jar"/>
    <PostResources base="C:/Users/USER/.m2/repository/jakarta/transaction/jakarta.transaction-api/2.0.0/jakarta.transaction-api-2.0.0.jar" className="org.apache.catalina.webresources.FileResourceSet" webAppMount="/WEB-INF/lib/jakarta.transaction-api-2.0.0.jar"/>
    <PostResources base="C:/Users/USER/.m2/repository/org/jboss/logging/jboss-logging/3.4.3.Final/jboss-logging-3.4.3.Final.jar" className="org.apache.catalina.webresources.FileResourceSet" webAppMount="/WEB-INF/lib/jboss-logging-3.4.3.Final.jar"/>
    <PostResources base="C:/Users/USER/.m2/repository/org/hibernate/common/hibernate-commons-annotations/6.0.1.Final/hibernate-commons-annotations-6.0.1.Final.jar" className="org.apache.catalina.webresources.FileResourceSet" webAppMount="/WEB-INF/lib/hibernate-commons-annotations-6.0.1.Final.jar"/>
    <PostResources base="C:/Users/USER/.m2/repository/org/jboss/jandex/2.4.2.Final/jandex-2.4.2.Final.jar" className="org.apache.catalina.webresources.FileResourceSet" webAppMount="/WEB-INF/lib/jandex-2.4.2.Final.jar"/>
    <PostResources base="C:/Users/USER/.m2/repository/com/fasterxml/classmate/1.5.1/classmate-1.5.1.jar" className="org.apache.catalina.webresources.FileResourceSet" webAppMount="/WEB-INF/lib/classmate-1.5.1.jar"/>
    <PostResources base="C:/Users/USER/.m2/repository/net/bytebuddy/byte-buddy/1.12.9/byte-buddy-1.12.9.jar" className="org.apache.catalina.webresources.FileResourceSet" webAppMount="/WEB-INF/lib/byte-buddy-1.12.9.jar"/>
    <PostResources base="C:/Users/USER/.m2/repository/jakarta/xml/bind/jakarta.xml.bind-api/3.0.1/jakarta.xml.bind-api-3.0.1.jar" className="org.apache.catalina.webresources.FileResourceSet" webAppMount="/WEB-INF/lib/jakarta.xml.bind-api-3.0.1.jar"/>
    <PostResources base="C:/Users/USER/.m2/repository/jakarta/inject/jakarta.inject-api/2.0.0/jakarta.inject-api-2.0.0.jar" className="org.apache.catalina.webresources.FileResourceSet" webAppMount="/WEB-INF/lib/jakarta.inject-api-2.0.0.jar"/>
    <PostResources base="C:/Users/USER/.m2/repository/org/antlr/antlr4-runtime/4.10/antlr4-runtime-4.10.jar" className="org.apache.catalina.webresources.FileResourceSet" webAppMount="/WEB-INF/lib/antlr4-runtime-4.10.jar"/>
    <PostResources base="C:/Users/USER/.m2/repository/org/glassfish/jaxb/jaxb-runtime/3.0.2/jaxb-runtime-3.0.2.jar" className="org.apache.catalina.webresources.FileResourceSet" webAppMount="/WEB-INF/lib/jaxb-runtime-3.0.2.jar"/>
    <PostResources base="C:/Users/USER/.m2/repository/com/sun/activation/jakarta.activation/2.0.1/jakarta.activation-2.0.1.jar" className="org.apache.catalina.webresources.FileResourceSet" webAppMount="/WEB-INF/lib/jakarta.activation-2.0.1.jar"/>
    <PostResources base="C:/Users/USER/.m2/repository/org/glassfish/jaxb/jaxb-core/3.0.2/jaxb-core-3.0.2.jar" className="org.apache.catalina.webresources.FileResourceSet" webAppMount="/WEB-INF/lib/jaxb-core-3.0.2.jar"/>
    <PostResources base="C:/Users/USER/.m2/repository/org/glassfish/jaxb/txw2/3.0.2/txw2-3.0.2.jar" className="org.apache.catalina.webresources.FileResourceSet" webAppMount="/WEB-INF/lib/txw2-3.0.2.jar"/>
    <PostResources base="C:/Users/USER/.m2/repository/com/sun/istack/istack-commons-runtime/4.0.1/istack-commons-runtime-4.0.1.jar" className="org.apache.catalina.webresources.FileResourceSet" webAppMount="/WEB-INF/lib/istack-commons-runtime-4.0.1.jar"/>
    <PostResources base="C:/Users/USER/.m2/repository/org/hibernate/validator/hibernate-validator/7.0.5.Final/hibernate-validator-7.0.5.Final.jar" className="org.apache.catalina.webresources.FileResourceSet" webAppMount="/WEB-INF/lib/hibernate-validator-7.0.5.Final.jar"/>
    <PostResources base="C:/Users/USER/.m2/repository/jakarta/validation/jakarta.validation-api/3.0.0/jakarta.validation-api-3.0.0.jar" className="org.apache.catalina.webresources.FileResourceSet" webAppMount="/WEB-INF/lib/jakarta.validation-api-3.0.0.jar"/>
    <PostResources base="C:/Users/USER/.m2/repository/mysql/mysql-connector-java/8.0.28/mysql-connector-java-8.0.28.jar" className="org.apache.catalina.webresources.FileResourceSet" webAppMount="/WEB-INF/lib/mysql-connector-java-8.0.28.jar"/>
    <PostResources base="C:/Users/USER/.m2/repository/com/google/protobuf/protobuf-java/3.11.4/protobuf-java-3.11.4.jar" className="org.apache.catalina.webresources.FileResourceSet" webAppMount="/WEB-INF/lib/protobuf-java-3.11.4.jar"/>
  </Resources>
</Context>
